{
  "intrasentence": {
    "gender": {
      "Count": 2313.0,
      "LM Score": 90.36726639177913,
      "SS Score": 62.426635589779025,
      "ICAT Score": 67.90804461787664
    },
    "profession": {
      "Count": 7194.0,
      "LM Score": 87.44635729027364,
      "SS Score": 59.97688520295845,
      "ICAT Score": 69.99751192823466
    },
    "race": {
      "Count": 8928.0,
      "LM Score": 87.48801815429157,
      "SS Score": 55.30697710323741,
      "ICAT Score": 78.20207997124268
    },
    "religion": {
      "Count": 741.0,
      "LM Score": 89.97040503498296,
      "SS Score": 59.285758575092395,
      "ICAT Score": 73.26153583382037
    },
    "overall": {
      "Count": 6392.0,
      "LM Score": 87.92177621747024,
      "SS Score": 58.07429328843508,
      "ICAT Score": 73.72365206507001
    }
  },
  "overall": {
    "Count": 6392.0,
    "LM Score": 87.92177621747024,
    "SS Score": 58.07429328843508,
    "ICAT Score": 73.72365206507001
  }
}