{
  "intrasentence": {
    "gender": {
      "Count": 2313.0,
      "LM Score": 89.65656135283822,
      "SS Score": 60.89055561389394,
      "ICAT Score": 70.12836600156665
    },
    "profession": {
      "Count": 7194.0,
      "LM Score": 88.06626813573462,
      "SS Score": 59.58663231753649,
      "ICAT Score": 71.18108949183727
    },
    "race": {
      "Count": 8928.0,
      "LM Score": 88.7901523666916,
      "SS Score": 59.019627991786365,
      "ICAT Score": 72.77306949305984
    },
    "religion": {
      "Count": 741.0,
      "LM Score": 90.65264129069593,
      "SS Score": 63.298495130159935,
      "ICAT Score": 66.54176711588681
    },
    "overall": {
      "Count": 6392.0,
      "LM Score": 88.69761141261849,
      "SS Score": 59.62156196792728,
      "ICAT Score": 71.62942012034564
    }
  },
  "overall": {
    "Count": 6392.0,
    "LM Score": 88.69761141261849,
    "SS Score": 59.62156196792728,
    "ICAT Score": 71.62942012034564
  }
}