{
  "intrasentence": {
    "gender": {
      "Count": 2313.0,
      "LM Score": 89.78498206311798,
      "SS Score": 61.65991274999271,
      "ICAT Score": 68.84728092080566
    },
    "profession": {
      "Count": 7194.0,
      "LM Score": 88.66761641903736,
      "SS Score": 61.91731410616538,
      "ICAT Score": 67.53401970082426
    },
    "race": {
      "Count": 8928.0,
      "LM Score": 88.34189296540393,
      "SS Score": 57.45099290449688,
      "ICAT Score": 75.17719661230298
    },
    "religion": {
      "Count": 741.0,
      "LM Score": 92.44570419486993,
      "SS Score": 62.07862446584483,
      "ICAT Score": 70.11336530586172
    },
    "overall": {
      "Count": 6392.0,
      "LM Score": 88.79454620847675,
      "SS Score": 59.80589037378272,
      "ICAT Score": 71.38035449027461
    }
  },
  "overall": {
    "Count": 6392.0,
    "LM Score": 88.79454620847675,
    "SS Score": 59.80589037378272,
    "ICAT Score": 71.38035449027461
  }
}